{
  "num_rows": 1960,
  "num_features": 28,
  "positive_rate": 0.07193877551020408,
  "train_positive_count": 113,
  "train_negative_count": 1455,
  "scale_pos_weight": 12.876106194690266,
  "average_precision": 0.996343537414966,
  "roc_auc": 0.9997056514913658,
  "classification_report": {
    "0": {
      "precision": 0.9972451790633609,
      "recall": 0.9945054945054945,
      "f1-score": 0.9958734525447043,
      "support": 364.0
    },
    "1": {
      "precision": 0.9310344827586207,
      "recall": 0.9642857142857143,
      "f1-score": 0.9473684210526315,
      "support": 28.0
    },
    "accuracy": 0.9923469387755102,
    "macro avg": {
      "precision": 0.9641398309109908,
      "recall": 0.9793956043956045,
      "f1-score": 0.9716209367986679,
      "support": 392.0
    },
    "weighted avg": {
      "precision": 0.9925158436130223,
      "recall": 0.9923469387755102,
      "f1-score": 0.9924088074381278,
      "support": 392.0
    }
  }
}